id,sec,nsec,x,y,z,battery_level
1,0,0,2.4821399663628728e-05,-5.4815522403116435e-05,0.020645951729412471,0.0
1,0,200000000,0.0010020895852235342,-0.0033415094227070524,0.02212510560137966,0.0
1,0,400000000,0.001820221171511773,-0.0051247441385833068,0.024254276187285356,0.0
1,0,605000000,0.0020106990109982135,-0.006228652645048423,0.026027045275771717,0.0
1,0.0,9810000000.0,0.0025194365848766028,-0.0072918776573622597,0.026091836582210554,0.0
1,1,15000000,0.0028254986024432781,-0.0081495711799880275,0.024851635070791984,0.0
1,1,220000000,0.0030519407738101201,-0.0097891282360317178,0.023255898809259542,0.0
1,1,420000000,0.0038018794561912326,-0.010142742181679326,0.022982826715760234,0.0
1,1,625000000,0.004658978212378098,-0.0097387102771320719,0.023535987537987583,0.0
1,1.0,9830000000.0,0.0059660204125661261,-0.0092944462204206258,0.024320207113002538,0.0
1,2,30000000,0.0059568435031215738,-0.00885776396106858,0.025489914292660232,0.0
1,2,230000000,0.0052181485061809354,-0.0073843349814930511,0.026829513518737233,0.0
1,2,435000000,0.0033702053417242312,-0.00456510768200377,0.027975616018504741,0.0
1,2,635000000,0.0017542405242834905,-0.0027346338967140582,0.028828882833388667,0.0
1,2.0,9835000000.0,0.00085920505902634418,0.00097185911006352106,0.02946128303280509,0.0
1,3,40000000,0.0011551343847460665,0.0026629321107439949,0.030141302207463173,0.0
1,3,245000000,0.001851020583224971,0.0061093692287255705,0.033029883734068934,0.0
1,3,445000000,0.0025402635053459488,0.0077761200795309002,0.035944344253124032,0.0
1,3,645000000,0.0035460691854710177,0.0087383451259817092,0.037979662093861624,0.0
1,3.0,9850000000.0,0.0059313758945292727,0.0094663415142353709,0.038240223478074264,0.0
1,4,50000000,0.0091289886946768518,0.0093670390115995796,0.036581682694818971,0.0
1,4,250000000,0.01120220427055915,0.0081720585254819664,0.03387577434949951,0.0
1,4,450000000,0.011505310177964152,0.0049857789040555845,0.031382597013962128,0.0
1,4,655000000,0.022890729879719587,0.0043034472170262418,0.032717527218187083,0.0
1,4.0,9860000000.0,0.034001882538787706,0.0045847012170520431,0.033463981700058015,0.0
1,5,60000000,0.042860145420121232,0.0057364648477775237,0.03347732926360638,0.0
1,5,260000000,0.050195404796883704,0.0071868329038831365,0.032883029816510811,0.0
1,5,460000000,0.053167309124203671,0.003531308790518415,0.033190198808080038,0.0
1,5,660000000,0.054919115481389856,-0.0015096001356308193,0.033054558349731977,0.0
1,5.0,9865000000.0,0.055257235061010948,-0.006504833397097478,0.031029016004665157,0.0
1,6,70000000,0.053819545279472997,-0.010031767505557425,0.028195539467417891,0.0
1,6,270000000,0.053576966183258648,-0.011183269867724631,0.02511820523470935,0.0
1,6,470000000,0.053948553707061815,-0.013024007219245974,0.022880081135124169,0.0
1,6,670000000,0.053998110382131946,-0.013352544818306123,0.022448734499510629,0.0
1,6.0,9870000000.0,0.053688824334872425,-0.013694421390292122,0.023837815041842007,0.0
1,7,75000000,0.053331677735592532,-0.013909210014612636,0.025355928924778611,0.0
1,7,280000000,0.052530454957451754,-0.013270601287521524,0.026714241219689731,0.0
1,7,485000000,0.05055719366148697,-0.011742470184003338,0.027866888954392724,0.0
1,7,690000000,0.048670488430638058,-0.010481257433816586,0.028724939562980195,0.0
1,7.0,9890000000.0,0.047671906230418566,-0.0095996836708583232,0.02935999763272739,0.0
1,8,95000000,0.048041951586223389,-0.0074235546127771959,0.030649762855757968,0.0
1,8,300000000,0.047877646860639084,-0.0050641153937513086,0.034055086169628858,0.0
1,8,505000000,0.04842034124551757,-0.0039432813935095573,0.036790549673375368,0.0
1,8,710000000,0.049716341548814026,-0.0031761186209853516,0.038391448707551491,0.0
1,8.0,9915000000.0,0.052503790386283319,-0.0024150769528954916,0.037942374554570529,0.0
1,9,120000000,0.055665027913403199,-0.0025445994209474161,0.035687764134749687,0.0
1,9,325000000,0.057384317426647707,-0.0041791884222757867,0.032917454563400526,0.0
1,9,530000000,0.062634844788051175,-0.0056309767400710723,0.032115366356514068,0.0
1,9,735000000,0.073928305744427686,-0.0039520345613085978,0.033194671280148573,0.0
1,9.0,9940000000.0,0.083997648916006792,-0.0014073679279521735,0.033688729285445612,0.0
1,10,145000000,0.09198366540014398,0.0014827987024615241,0.033392812298900426,0.0
1,10,350000000,0.098663642412529604,0.0025909315565425797,0.032900889460236497,0.0
1,10,555000000,0.10162898861924867,-0.0018796166211508358,0.033390948622999468,0.0
1,10,760000000,0.10360081596491581,-0.0064549578278193017,0.032358035149488623,0.0
1,10.0,9965000000.0,0.1036159690383741,-0.01130198460163733,0.029961573749992317,0.0
1,11,165000000,0.10314968184794411,-0.013304226918360319,0.026769526415243928,0.0
1,11,370000000,0.1036008966113665,-0.014871042867284202,0.023998433888751208,0.0
1,11,575000000,0.10397151014881346,-0.016041625169969379,0.022449710754307559,0.0
1,11,780000000,0.10383365102672408,-0.016202511761505341,0.023102976021243758,0.0
1,11.0,9985000000.0,0.10354135299825724,-0.016709393170862525,0.024710669610031686,0.0
1,12,190000000,0.10259468295659152,-0.016502146758690227,0.026073604615325808,0.0
1,12,395000000,0.1009670174939854,-0.015675407773039839,0.027305113758867093,0.0
1,12,600000000,0.098703258686787629,-0.014383704907818734,0.028293275317991969,0.0
1,12.0,9805000000.0,0.095578477476968612,-0.0095978512104234436,0.02906999739307143,0.0
1,13,10000000,0.094734630714562076,-0.0071626638141458338,0.029859230941364195,0.0
1,13,215000000,0.093945309934437102,-0.00419163653166469,0.032785681727713928,0.0
1,13,415000000,0.093749439373425641,-0.0029571887802693525,0.035547164808565096,0.0
1,13,620000000,0.094398750802397791,-0.0021263954729292367,0.037777420825922288,0.0
1,13.0,9825000000.0,0.096460140421788923,-0.0011542471137831242,0.038269158244533703,0.0
1,14,30000000,0.099583885305825876,-0.00045149935590645942,0.036737486449441401,0.0
1,14,235000000,0.10236012647169368,-0.00071314891069932241,0.033988992190979617,0.0
1,14,440000000,0.10411632987810603,-0.0032348155127241399,0.03152521815456627,0.0
1,14,645000000,0.11486180378057372,0.00035628822702938039,0.03287198752808302,0.0
1,14.0,9850000000.0,0.12487088366268925,0.0048354722205143121,0.033580369977620622,0.0
1,15,55000000,0.13366670963270411,0.0094029279334771378,0.033628764506424692,0.0
1,15,260000000,0.14121886837044026,0.013612637064088421,0.032998900057842596,0.0
1,15,465000000,0.14579484251270336,0.011644723825181051,0.033228883716685739,0.0
1,15,665000000,0.14918378551856012,0.0078716157615347504,0.033069574911197143,0.0
1,15.0,9865000000.0,0.15125989618821356,0.0034935218844268437,0.031076330523184321,0.0
1,16,70000000,0.15124545092879868,-0.0004467954737513726,0.028250172499029679,0.0
1,16,275000000,0.15128209905210263,-0.0018428568946147626,0.025086542934539952,0.0
1,16,480000000,0.1521498118958973,-0.0032039401012187428,0.022795326361804633,0.0
1,16,685000000,0.15226736503802515,-0.0034226354171135896,0.022478877068658788,0.0
1,16.0,9890000000.0,0.15207541684747483,-0.0039043308001877174,0.024020016650383259,0.0
1,17,95000000,0.15157982416420543,-0.0042630886217539478,0.025518040396019463,0.0
1,17,300000000,0.14987609231106505,-0.0040313002600696757,0.026842937417335514,0.0
1,17,505000000,0.14724853553288816,-0.0029507206206667446,0.027975960156295984,0.0
1,17,705000000,0.14515927330647835,-0.0021048292198858811,0.028795643317230928,0.0
1,17.0,9910000000.0,0.14355556416170295,-0.0014082182029897085,0.029429034166736784,0.0
1,18,115000000,0.14283363141634473,0.00064228478312484418,0.03100000819818953,0.0
1,18,320000000,0.14147026139407282,0.0027342052775103784,0.034318223438595793,0.0
1,18,525000000,0.14138764869833154,0.0035980141244799616,0.036984821012011705,0.0
1,18,730000000,0.14261607975127327,0.0044468571068985658,0.038389139192848795,0.0
1,18.0,9935000000.0,0.14509373520485888,0.0057069086132239934,0.037727064658221406,0.0
1,19,140000000,0.14812811483128893,0.0062261532753563479,0.035358172860970871,0.0
1,19,345000000,0.1507300679047848,0.0051723041648505975,0.032616978888897648,0.0
1,19,550000000,0.15736126935716604,0.0071711433523596905,0.032280723425902477,0.0
1,19,755000000,0.16704440123124559,0.013272481593497993,0.033288182652710961,0.0
1,19.0,9955000000.0,0.1757367273202253,0.019446274431087564,0.033709562298820973,0.0
1,20,160000000,0.18274135284448043,0.025162875052937187,0.033367600231084864,0.0
1,20,365000000,0.18847162357578415,0.028080275677562723,0.032919748211067697,0.0
1,20,570000000,0.19294776134266131,0.025039273573769776,0.033337404629088851,0.0
1,20,775000000,0.19656623308632756,0.021426518227615071,0.032148506295736928,0.0
1,20.0,9980000000.0,0.19833754848070467,0.016887787689259814,0.029700528739616736,0.0
1,21,185000000,0.1982606536081859,0.01478616684249391,0.026442136910242369,0.0
1,21,390000000,0.19912161095872702,0.013900728686501877,0.023757107281142265,0.0
1,21,595000000,0.19977739342807313,0.013241066239592028,0.022481499627937319,0.0
1,21.0,9800000000.0,0.19975816579522948,0.012942766794139448,0.023303864577397131,0.0
1,22,5000000,0.19976983706112231,0.012286131678390022,0.024880873737560649,0.0
1,22,205000000,0.19839092439998535,0.012203671150026942,0.026290244968813575,0.0
1,22,410000000,0.19577292093223456,0.012552016216475897,0.02751128094933732,0.0
1,22,615000000,0.19337266184344315,0.013267561173472969,0.028475788586933018,0.0
1,22.0,9820000000.0,0.19142741341677716,0.013819063388812695,0.029202417872187841,0.0
1,23,25000000,0.19042803002337547,0.014806246007223687,0.029953599533149675,0.0
1,23,230000000,0.18841691781007405,0.017559091283726954,0.033010491661965277,0.0
1,23,435000000,0.18729169183940325,0.01868920440665393,0.035944818406222115,0.0
1,23,640000000,0.1875319932105533,0.019360287543611986,0.038057243601830971,0.0
1,23.0,9845000000.0,0.18910087775080428,0.020607898355960254,0.038367741967189652,0.0
1,24,50000000,0.19149967127458903,0.021878490694283284,0.03664594382835875,0.0
1,24,255000000,0.19415570812294078,0.021905328358255063,0.033754183617476785,0.0
1,24,455000000,0.19756608886240287,0.02093226651305621,0.031665883336974343,0.0
1,24,660000000,0.20650296039373281,0.028631560605477852,0.032950110110291857,0.0
1,24.0,9865000000.0,0.21457071378930415,0.036706783910908494,0.033637762641911199,0.0
1,25,70000000,0.22087377859075935,0.044022005563822929,0.033660885905110682,0.0
1,25,275000000,0.22599265559296372,0.050464718683009155,0.032986272284595275,0.0
1,25,480000000,0.23100278136312533,0.049693165879125319,0.033321785934292698,0.0
1,25,685000000,0.23572690202609548,0.047296145791293334,0.032993973507921853,0.0
1,25.0,9890000000.0,0.23939853500370267,0.043765461909713241,0.030837914704752552,0.0
1,26,95000000,0.24050684909424358,0.040467202851424341,0.027734018250896022,0.0
1,26,300000000,0.24114615080944557,0.039905667557905797,0.024793224087303833,0.0
1,26,505000000,0.24259662617403555,0.039081932649003219,0.022512243570124237,0.0
1,26,705000000,0.24263410207186237,0.039054619816996768,0.022459002865007811,0.0
1,26.0,9910000000.0,0.24281103248349645,0.038401209675175227,0.024197772265735898,0.0
1,27,115000000,0.2422435077688376,0.037982248009813695,0.025697208233324748,0.0
1,27,320000000,0.24067515534650946,0.037744984856195138,0.026989633721199623,0.0
1,27,525000000,0.23790446769328563,0.038153280144393675,0.028098195402540469,0.0
1,27,730000000,0.23587583971716486,0.03848302041642452,0.028913189062563634,0.0
1,27.0,9935000000.0,0.23450196458853301,0.038910208645521895,0.029516326523077563,0.0
1,28,140000000,0.23227163702495923,0.041032949071435905,0.031517369093691835,0.0
1,28,345000000,0.23061708130935679,0.042689851986324891,0.034730197468324002,0.0
1,28,550000000,0.22991441249662822,0.043340568580441753,0.037286181531488639,0.0
1,28,755000000,0.2306436990231592,0.044360612062487037,0.038468883445772387,0.0
1,28.0,9955000000.0,0.2321356475746624,0.046299253992511183,0.037584640416072179,0.0
1,29,160000000,0.23419199761540929,0.047353362477142981,0.035079131292911896,0.0
1,29,365000000,0.23719967028668207,0.046888088871211736,0.032378982030229694,0.0
1,29,570000000,0.2431357785016644,0.052387755430364877,0.032431815568776036,0.0
1,29,775000000,0.24985148234657661,0.06196412270914118,0.033366811807017359,0.0
1,29.0,9980000000.0,0.25448289777948796,0.070228164094756088,0.033647096129956304,0.0
1,30,185000000,0.2510148752102479,0.068527730871600648,0.032788800313969226,0.0
1,30,390000000,0.24834802851936613,0.066977604925902282,0.032308161976417435,0.0
1,30,595000000,0.24465870166356751,0.063866271306199249,0.035701045840688325,0.0
1,30.0,9800000000.0,0.23872267651746965,0.053750918428658236,0.040276738449455576,0.0
1,31,5000000,0.2323422768724144,0.039923894136724154,0.043890141800073161,0.0
1,31,205000000,0.22475991135768061,0.027223460371453904,0.046173163207302956,0.0
1,31,410000000,0.21864477229091689,0.019207935926025259,0.047780529105404007,0.0
1,31,615000000,0.21438728639585655,0.015170944138391771,0.049397205825888447,0.0
1,31.0,9820000000.0,0.210924721404191,0.012931864452518592,0.050769555171406647,0.0
1,32,25000000,0.20794666321997249,0.011487556221823585,0.051909538331594528,0.0
1,32,230000000,0.2051846527600624,0.010086283981490305,0.052830734675886712,0.0
1,32,430000000,0.20272559259283082,0.0085885603699835823,0.053575691164020521,0.0
1,32,635000000,0.20380176450213686,0.0090291827334862233,0.054263012606888754,0.0
1,32.0,9840000000.0,0.20749844450517577,0.012246245091595429,0.054877038581876404,0.0
1,33,40000000,0.21273430701013787,0.018416101020559222,0.055389421868036276,0.0
1,33,245000000,0.21739278032262718,0.024915004704888742,0.055654387093930294,0.0
1,33,445000000,0.22169304229480191,0.02979431386122362,0.054883309092577333,0.0
1,33,650000000,0.22614729437926065,0.033046081759649008,0.053213435716102854,0.0
1,33.0,9855000000.0,0.23054540191106554,0.03519254927535817,0.05068597799818448,0.0
1,34,55000000,0.23427202654915058,0.037167196328473845,0.04793797085782573,0.0
1,34,260000000,0.2373674264699325,0.039155140616726231,0.045097761029423922,0.0
1,34,465000000,0.23876660958421975,0.040988227579810584,0.042813362297659842,0.0
1,34,665000000,0.23953946830996878,0.042431144251905709,0.041459026796076534,0.0
1,34.0,9870000000.0,0.2400408817045718,0.043872434278247795,0.041400968828009095,0.0
1,35,70000000,0.24044429267206174,0.045343781923926706,0.042716663962098771,0.0
1,35,275000000,0.24026650146079559,0.046701742650537094,0.045418423974684478,0.0
1,35,480000000,0.23914031858431609,0.04743410202993336,0.047664090080422383,0.0
1,35,680000000,0.2368903868998482,0.043830351263523998,0.049569237593306205,0.0
1,35.0,9885000000.0,0.23321758984443586,0.034713876076624628,0.051032793694967916,0.0
1,36,90000000,0.22691049826163837,0.021895635496774896,0.051746782041580973,0.0
1,36,290000000,0.22189441745673036,0.014100329574351035,0.052258648989246759,0.0
1,36,495000000,0.21782624095114042,0.0096934589387176751,0.052927392391934808,0.0
1,36,695000000,0.21453813166558452,0.0074873496774611479,0.053532945872190048,0.0
1,36.0,9900000000.0,0.21167227674456379,0.0063818136904914809,0.05407429159134948,0.0
1,37,105000000,0.20906935515903263,0.0056968189154058503,0.054537183541861482,0.0
1,37,305000000,0.2065984003408714,0.0047434024847471121,0.054912304665368013,0.0
1,37,510000000,0.20509724506024227,0.0038644356097004553,0.055279011013025445,0.0
1,37,715000000,0.20732606130216644,0.005494230471673172,0.055637910519812699,0.0
1,37.0,9915000000.0,0.21174969525313564,0.0097962814184789984,0.055956353937527403,0.0
1,38,120000000,0.217099822855538,0.016800449230177747,0.056224049182659823,0.0
1,38,320000000,0.22336883946017502,0.020824100934248326,0.055991289794963518,0.0
1,38,525000000,0.22879054855896067,0.023843504852300187,0.054897184104575947,0.0
1,38,730000000,0.23302761215155934,0.026204767822083967,0.052732252262699994,0.0
1,38.0,9930000000.0,0.23697989685502677,0.028355595484213535,0.05015924624333036,0.0
1,39,135000000,0.24042750063184601,0.030525333024599657,0.047238112747884718,0.0
1,39,340000000,0.24307159511217008,0.032573252969601785,0.044470901010621372,0.0
1,39,540000000,0.24417737863538447,0.034285045326650603,0.04247875168130176,0.0
1,39,745000000,0.24475634453854014,0.035693403396248963,0.041501211705264635,0.0
1,39.0,9945000000.0,0.24521473473290886,0.037219406287164948,0.04194294802351279,0.0
1,40,150000000,0.24540085521010521,0.038705723239364866,0.043942403434085363,0.0
1,40,355000000,0.24503879534901318,0.040030953141756198,0.046661580294008624,0.0
1,40,555000000,0.24406570822400961,0.03905805068364776,0.04858312683950998,0.0
1,40,760000000,0.2415708131658976,0.033089805450823927,0.050317708668914329,0.0
1,40.0,9965000000.0,0.23727313137911216,0.02260736499450253,0.051597387963149062,0.0
1,41,165000000,0.23114636053437204,0.010808211626962137,0.051818237949049405,0.0
1,41,370000000,0.22669835556492049,0.0045234316907482551,0.052498585913510219,0.0
1,41,570000000,0.22306784163063179,0.0011044950792121289,0.053146194731083694,0.0
1,41,775000000,0.21993817981494809,-0.00066921347882655283,0.053746492943633137,0.0
1,41.0,9980000000.0,0.21723574192955036,-0.0015722786419992603,0.054258405694084674,0.0
1,42,180000000,0.21476401229728612,-0.0022824118720961204,0.054685872667121486,0.0
1,42,385000000,0.21233429668540857,-0.0032745379869079903,0.055049902884057575,0.0
1,42,590000000,0.21206176053622486,-0.0033847010146432648,0.05540900797559993,0.0
1,42,790000000,0.21523388394161902,-0.0010121948323597758,0.055732650887374051,0.0
1,42.0,9995000000.0,0.22146733691475645,0.0034052364396766378,0.056034756789629714,0.0
1,43,195000000,0.22887974857481655,0.0077431063187912699,0.056250067025930682,0.0
1,43,400000000,0.23501943863721994,0.011326655604798626,0.05572237430877866,0.0
1,43,605000000,0.23993401029899206,0.014218974558409441,0.054140510628532514,0.0
1,43.0,9805000000.0,0.24389416724058116,0.016527119949357443,0.051883678163776294,0.0
1,44,10000000,0.24772071701676004,0.018846992118107333,0.049082005327753662,0.0
1,44,215000000,0.25082491242414739,0.021090026233387352,0.046163831304671971,0.0
1,44,415000000,0.25297092578079339,0.023096183984626619,0.043489830657340856,0.0
1,44,620000000,0.25380937939045106,0.024743620727402403,0.041802918535335597,0.0
1,44.0,9820000000.0,0.25435979960668703,0.026372437315937379,0.041407559419197909,0.0
1,45,25000000,0.2547997789971736,0.028011563770564588,0.042267283195722004,0.0
1,45,230000000,0.25463160507231392,0.029493882228101322,0.044745860332494211,0.0
1,45,430000000,0.25384587458131769,0.030996557414262559,0.047329797458258951,0.0
1,45,635000000,0.25233777229541438,0.027750008986201394,0.049164452887922414,0.0
1,45.0,9840000000.0,0.24948839933788253,0.019805262743176469,0.050779738002339474,0.0
1,46,40000000,0.2448570246264164,0.008325576574962806,0.051917561354423339,0.0
1,46,245000000,0.23916692272858697,-0.0024859714682785201,0.051976988414901816,0.0
1,46,445000000,0.23527375670843395,-0.007573230280774214,0.052635532002283096,0.0
1,46,650000000,0.23191486393996708,-0.010365216379903541,0.053271065742093393,0.0
1,46.0,9855000000.0,0.2290205134412909,-0.011784505361421664,0.053838293357114035,0.0
1,47,55000000,0.22652115422132138,-0.012599635362349707,0.05430288131600125,0.0
1,47,260000000,0.22404124992760766,-0.013691575420520484,0.054716952302475752,0.0
1,47,465000000,0.22216981464366325,-0.014888986624463828,0.05508608135991843,0.0
1,47,665000000,0.22330394681607649,-0.014190050220370239,0.055449970086853595,0.0
1,47.0,9870000000.0,0.22733656332571683,-0.010648782654274033,0.055797566620436188,0.0
1,48,70000000,0.23365204914414159,-0.00505758371194242,0.056097727868257605,0.0
1,48,275000000,0.2405688051003462,-0.00075886543380966815,0.05611488739424892,0.0
1,48,480000000,0.24627526623618817,0.0026186882224051525,0.055212268185274818,0.0
1,48,680000000,0.25066915779157845,0.0054002069203976082,0.053331524495725445,0.0
1,48.0,9885000000.0,0.25453910257581547,0.0078163059360608321,0.050786164992023874,0.0
1,49,90000000,0.25804715627781316,0.010224814253567457,0.04789047408187655,0.0
1,49,290000000,0.26073442668015723,0.012418802666069727,0.045116847753038196,0.0
1,49,495000000,0.26207944730682664,0.014383077876725329,0.042858011376255251,0.0
1,49,695000000,0.26265754835894184,0.01584556254173641,0.041616641026049561,0.0
1,49.0,9900000000.0,0.26300360138115991,0.017350740327463646,0.041745231282419026,0.0
1,50,105000000,0.26322643269579793,0.01890400101350204,0.04332057059044836,0.0
1,50,305000000,0.26261404880578915,0.020351494151031838,0.045834556284481999,0.0
1,50,510000000,0.26127682376425715,0.020902134463789072,0.048202196268715289,0.0
1,50,715000000,0.25863665538240604,0.015879549487101623,0.049978199272999561,0.0
1,50.0,9915000000.0,0.25556848235330387,0.0064688628767987496,0.051328593922374488,0.0
1,51,120000000,0.2500141998883586,-0.0067448417660915076,0.051844670195465604,0.0
1,51,320000000,0.24595841006034203,-0.013959967874179384,0.052479186988380847,0.0
1,51,525000000,0.2423447591039162,-0.018271170095712032,0.053141911246168301,0.0
1,51,730000000,0.23929018138390767,-0.020483701698219552,0.053742931770915436,0.0
1,51.0,9930000000.0,0.23664920116784163,-0.021654381549487799,0.054260418973585425,0.0
1,52,135000000,0.2341960739238578,-0.022579722716733523,0.054699887476233826,0.0
1,52,340000000,0.23181102771662801,-0.023697684247092596,0.055071572670412648,0.0
1,52,540000000,0.23083766109615012,-0.024181524719340774,0.055395958844840547,0.0
1,52,745000000,0.23318636824003849,-0.022049823324801581,0.055721684539127757,0.0
1,52.0,9945000000.0,0.23743069067654304,-0.016803890316292109,0.056011546099069748,0.0
1,53,150000000,0.2423697113525361,-0.0099972787607789902,0.056235954104009681,0.0
1,53,355000000,0.24843889551272963,-0.0055640834307334975,0.055908703404828425,0.0
1,53,555000000,0.25358790572680301,-0.0025032572010602969,0.054668596918005345,0.0
1,53,760000000,0.25773109663019073,0.00023150355263186896,0.052419196356247928,0.0
1,53.0,9965000000.0,0.26148293033398257,0.00269790020879174,0.049690586960005424,0.0
1,54,165000000,0.2646070262255506,0.0050681359579091249,0.046830566474472021,0.0
1,54,370000000,0.2667908785128647,0.0072866850143524283,0.044143490351280845,0.0
1,54,570000000,0.26765905083568059,0.0090657919301853837,0.042281138134708178,0.0
1,54,775000000,0.26805765971160328,0.010467972875541886,0.041457955091748037,0.0
1,54.0,9980000000.0,0.2684265972697279,0.012107470624898302,0.042117337024781161,0.0
1,55,180000000,0.26823260400532101,0.013672411913122075,0.043905661717371015,0.0
1,55,385000000,0.26732858467231296,0.015245140390474692,0.046686453677267384,0.0
1,55,590000000,0.26542783104698842,0.013985361315718155,0.048842443445418667,0.0
1,55,790000000,0.26239532335635735,0.0072613493912303583,0.050431594404999711,0.0
1,55.0,9995000000.0,0.2587539240094891,-0.0037407987299042647,0.051684733210368254,0.0
1,56,195000000,0.25355293163534159,-0.015593847972886099,0.052046516022728868,0.0
1,56,400000000,0.24971762891455229,-0.021692718346957567,0.052737530246742631,0.0
1,56,605000000,0.24636390302604325,-0.025149046055371774,0.053403005021374184,0.0
1,56.0,9805000000.0,0.2435865535550297,-0.026836696761838943,0.053972916953107054,0.0
1,57,10000000,0.24101358011637675,-0.027878873750239837,0.054481185035497072,0.0
1,57,215000000,0.23861696477772767,-0.028928181014230468,0.0549009003941388,0.0
1,57,415000000,0.23646584915727897,-0.030078248772539451,0.055248791934214947,0.0
1,57,620000000,0.23687307448194311,-0.029651945136473113,0.055584447319707499,0.0
1,57.0,9820000000.0,0.23998860132409522,-0.026352598569278934,0.055889387827046798,0.0
1,58,25000000,0.24490713791205057,-0.019863651406925125,0.05616503021233453,0.0
1,58,230000000,0.25135325320173069,-0.014866472827166924,0.056255304943780178,0.0
1,58,430000000,0.25708898709821065,-0.010904093414740275,0.055611011121071557,0.0
1,58,635000000,0.26185113278815991,-0.0079254550214427778,0.053966599123084019,0.0
1,58.0,9840000000.0,0.26573549439859356,-0.0052267924427980674,0.051433165008778627,0.0
1,59,40000000,0.26918939008098303,-0.0027533033027087937,0.048647163461943747,0.0
1,59,245000000,0.27204307786365939,-0.00034303632627207079,0.045747860834959034,0.0
1,59,445000000,0.27377269648966063,0.0017222162728268103,0.04333325053856639,0.0
1,59,650000000,0.27441046600481911,0.0033329800212257938,0.041825686787833438,0.0
1,59.0,9855000000.0,0.2746835852322147,0.004747673092618301,0.041526115223057235,0.0
1,60,55000000,0.27479839214308138,0.0063855463147464552,0.043263125846123886,0.0
1,60,260000000,0.27394369025960297,0.0080176837028494326,0.046029139654670835,0.0
1,60,465000000,0.27255648814897238,0.0069133365460314518,0.048338247314410589,0.0
1,60,665000000,0.27127379398028151,0.0033157948590595864,0.050124597372003588,0.0
1,60.0,9870000000.0,0.26967928198019386,-0.0020680848319566871,0.051503089276532979,0.0
1,61,70000000,0.26781821337995254,-0.0081273689921006684,0.052556049391311019,0.0
1,61,275000000,0.26519556854033882,-0.014910507102467642,0.053323836378852928,0.0
1,61,480000000,0.26060715143241614,-0.025599785350982219,0.051863617577043872,0.0
1,61,680000000,0.25813109596381251,-0.031332535289643734,0.050985092742657466,0.0
1,61.0,9885000000.0,0.25659804649055878,-0.034675634144158557,0.050283534641500149,0.0
1,62,90000000,0.25615689643358025,-0.035448275173361354,0.050197063587387278,0.0
1,62,290000000,0.25685644591276141,-0.033679984135916892,0.051011347312452104,0.0
1,62,495000000,0.2585118409618003,-0.028731746667538912,0.052487340003345526,0.0
1,62,695000000,0.25989864668487989,-0.021621838312250469,0.053250200588010707,0.0
1,62.0,9900000000.0,0.2601141176785205,-0.014833721352701824,0.052676321002489611,0.0
1,63,105000000,0.2596924845085572,-0.008838146281685803,0.051079746199108142,0.0
1,63,305000000,0.25921383603872422,-0.0036517444236461873,0.048961170022513031,0.0
1,63,510000000,0.25944682770193328,0.0011759538829110116,0.046798926915150529,0.0
1,63,715000000,0.25976624820003619,0.0042998364662773566,0.045244889209924317,0.0
1,63.0,9920000000.0,0.26026226788326989,0.0076868467549575676,0.044867341929059952,0.0
1,64,125000000,0.26075650200127454,0.010737314776799923,0.045634784770484063,0.0
1,64,325000000,0.261685310799677,0.013129763274055002,0.047351984878323664,0.0
1,64,530000000,0.2628559970135948,0.014883092781207528,0.049371341436177635,0.0
1,64,730000000,0.263875718445785,0.015828558757847007,0.050898122223603758,0.0
1,64.0,9935000000.0,0.26507674602522929,0.01597347175085316,0.052151155652081609,0.0
1,65,140000000,0.26629305918798568,0.015095972538278169,0.053122617047426893,0.0
1,65,340000000,0.26676809864077611,0.013704368073771307,0.053896453001091485,0.0
1,65,545000000,0.26712842406283249,0.010055411517666504,0.05452049509256357,0.0
1,65,750000000,0.2661447715038332,0.0048119544715302933,0.055027646191527467,0.0
1,65.0,9950000000.0,0.26476787938512619,-0.0014468673004731333,0.055425901841073315,0.0
1,66,155000000,0.26307613500664556,-0.0082587540717414323,0.055747251762527435,0.0
1,66,355000000,0.26148423058773312,-0.015203418769470258,0.055958881348268603,0.0
1,66,560000000,0.2574078610457694,-0.027073174946299829,0.053632234391037446,0.0
1,66,765000000,0.25573185685609556,-0.032761387981950482,0.052424576933921115,0.0
1,66.0,9965000000.0,0.2547490885592415,-0.035559956166852313,0.051638235164464148,0.0
1,67,170000000,0.25465842226781649,-0.035721054523030822,0.05159437819477964,0.0
1,67,375000000,0.2556248457579321,-0.033107191327189187,0.052470297534592647,0.0
1,67,575000000,0.25718625743225371,-0.027406087549199376,0.053525654640339461,0.0
1,67,780000000,0.25828973005279399,-0.020371427542821799,0.053596747009507603,0.0
1,67.0,9980000000.0,0.25833589139013374,-0.014383091741101309,0.052446122565149828,0.0
1,68,185000000,0.25797806539268248,-0.0089135548102178171,0.050478058057888193,0.0
1,68,390000000,0.2581882590043037,-0.0030362554425141255,0.048196879988608415,0.0
1,68,590000000,0.2583127952411059,-0.00014957618185593662,0.046212388272074648,0.0
1,68,795000000,0.25901862301260542,0.003139702847376291,0.045078276410229885,0.0
1,69,0,0.25941061762066647,0.0063270884723181384,0.045178512237992886,0.0
1,69,200000000,0.26010506321854382,0.0090641276429744618,0.046270906047991049,0.0
1,69,405000000,0.26123386258785469,0.011180369024169192,0.048242378883698991,0.0
1,69,605000000,0.26234664291264032,0.012604945838505636,0.050034360954967182,0.0
1,69.0,9810000000.0,0.2634538595735148,0.013207558500603603,0.051454214011555144,0.0
1,70,15000000,0.26471028265141811,0.012924818879536769,0.052587800787220709,0.0
1,70,215000000,0.26574017669878475,0.011880834424847784,0.053455632876220287,0.0
1,70,420000000,0.26620284760765173,0.0096557709140457811,0.054175646285183045,0.0
1,70,625000000,0.2661538101544485,0.0054765853420358172,0.054749515316754781,0.0
1,70.0,9825000000.0,0.26488214223742307,-0.00022764822780702682,0.055202020571496417,0.0
1,71,30000000,0.26332847177963165,-0.0068814147615523001,0.055573756296515252,0.0
1,71,230000000,0.26174514220435446,-0.013583157428937127,0.055857741986224271,0.0
1,71,435000000,0.25955631787811823,-0.021936103279386141,0.055515863445309149,0.0
1,71,640000000,0.25597586145444695,-0.032368842084894024,0.053172721946401623,0.0
1,71.0,9840000000.0,0.25453146416371641,-0.036989213437921969,0.052074690818657683,0.0
1,72,45000000,0.25385776041008368,-0.03874641430949273,0.051525402390565189,0.0
1,72,250000000,0.2541711869904304,-0.037997623868475022,0.051852369748423485,0.0
1,72,450000000,0.2554565750407386,-0.034264178816949015,0.052963763006441227,0.0
1,72,655000000,0.25697539076792147,-0.027595946560250665,0.053740333651098406,0.0
1,72.0,9855000000.0,0.25762069543050709,-0.02103840566415692,0.05331920906794279,0.0
1,73,60000000,0.25743580476615158,-0.015190660548815566,0.051775546023495995,0.0
1,73,265000000,0.25703963782780287,-0.0099782545860753451,0.049606855591193044,0.0
1,73,465000000,0.25745612584138239,-0.004780606579405944,0.047444457140658501,0.0
1,73,670000000,0.25774517198505997,-0.0018512595832454698,0.045636130341248894,0.0
1,73.0,9875000000.0,0.25837728969473045,0.0014961806047488497,0.044970775132655634,0.0
1,74,75000000,0.25882526247783921,0.0044778303441898636,0.045475271753128814,0.0
1,74,280000000,0.25970537011382983,0.0070651916962802055,0.046960059406445029,0.0
1,74,480000000,0.26088021510495041,0.008847418213569708,0.048965655147198472,0.0
1,74,685000000,0.26194893000678904,0.010028974817188481,0.050634389829012909,0.0
1,74.0,9890000000.0,0.26312519353633657,0.010275236098607251,0.051922543259667109,0.0
1,75,90000000,0.26390626980082638,0.010022671899888317,0.052941945608656414,0.0
1,75,295000000,0.26436823652754565,0.0089643752212093791,0.053768935457928387,0.0
1,75,500000000,0.26483210489576886,0.0057580043519850632,0.054424230890855643,0.0
1,75,700000000,0.26427928126733924,0.00082262706072832128,0.054939105558110615,0.0
1,75.0,9905000000.0,0.26292169015370964,-0.0054324093403382359,0.055363158326509475,0.0
1,76,105000000,0.26126722285814646,-0.012036363261904189,0.055694434659589447,0.0
1,76,310000000,0.25968198689377736,-0.018934740564129655,0.055955194014356439,0.0
1,76,515000000,0.255741722186202,-0.030597657652433455,0.054049131817040297,0.0
1,76,715000000,0.25383778484773206,-0.036921998924369009,0.052755493060771458,0.0
1,76.0,9920000000.0,0.25260745443932742,-0.040570738277327816,0.051799093392083273,0.0
1,77,125000000,0.25229622348604142,-0.041305656670884518,0.051559713893632217,0.0
1,77,325000000,0.2530224492663396,-0.039409228249324656,0.052228670719155386,0.0
1,77,530000000,0.25455881802179725,-0.034350782138792058,0.053400270192573596,0.0
1,77,730000000,0.25584807842776347,-0.027469177039397712,0.053704930833231176,0.0
1,77.0,9935000000.0,0.25616765991763757,-0.021061364538174476,0.052818313271353036,0.0
1,78,140000000,0.25585614480045754,-0.015508277060890228,0.050965124041604512,0.0
1,78,340000000,0.25574944245767822,-0.010185431713277592,0.048740348829079669,0.0
1,78,545000000,0.25609767292521718,-0.0062188341457322435,0.046619517118632207,0.0
1,78,750000000,0.25666517853039328,-0.0030871190073343342,0.045221903128570544,0.0
1,78.0,9950000000.0,0.25714686220585714,0.00010964919901519523,0.045029764123742357,0.0
1,79,155000000,0.25778806487900002,0.0030030270009649197,0.045951312197531215,0.0
1,79,355000000,0.25883732946866744,0.0052626559977991469,0.047749015089762349,0.0
1,79,560000000,0.26000111876737236,0.0068234217487091429,0.049652692367497531,0.0
1,79,765000000,0.26109493741776302,0.0076701625609460781,0.05117095555784177,0.0
1,79.0,9965000000.0,0.26230345656449244,0.0075594457827148059,0.052325165582367175,0.0
1,80,170000000,0.26313260591972093,0.006863485099811272,0.05308231288034887,0.0
1,80,375000000,0.26327401667857314,0.005160101029782733,0.053856341494933423,0.0
1,80,575000000,0.26243338729770371,0.001380055534585317,0.054463319736936994,0.0
1,80,780000000,0.26111050215698861,-0.004052913752330127,0.054961512754631341,0.0
1,80.0,9980000000.0,0.25963493220266892,-0.010453179046771295,0.055342851258002757,0.0
1,81,185000000,0.25792767614506956,-0.017286014274369505,0.055657518365263628,0.0
1,81,390000000,0.25609731886049519,-0.024709906662444426,0.055777004074818635,0.0
1,81,590000000,0.25209291257182104,-0.036015949757593105,0.053542632141196471,0.0
1,81,795000000,0.25049863139534223,-0.041260460230767716,0.052377731879713112,0.0
1,82,0,0.24960214247663842,-0.043725631774686281,0.051664083719279157,0.0
1,82,200000000,0.24966212469203797,-0.043564949174294668,0.051752296703215114,0.0
1,82,405000000,0.25079684789606865,-0.040406335096313375,0.052741811011528118,0.0
1,82,605000000,0.25241459942088584,-0.034364938902362432,0.053757224777806062,0.0
1,82.0,9810000000.0,0.25327787647948252,-0.027558168044028632,0.053547855204499006,0.0
1,83,15000000,0.25330131393975858,-0.021465403695545195,0.052240986358303251,0.0
1,83,215000000,0.25292555159541863,-0.016299736980577191,0.050212505668584921,0.0
1,83,420000000,0.2532885285855675,-0.010575455064124942,0.047966651554056217,0.0
1,83,625000000,0.25344660933564367,-0.0077243393857399515,0.045989557050155817,0.0
1,83.0,9825000000.0,0.25424484441347706,-0.0044561702127264994,0.045058391261189108,0.0
1,84,30000000,0.25475573198785095,-0.0012820224969751221,0.04525850768625863,0.0
1,84,230000000,0.25554958972586383,0.0013373639381929431,0.046549981288535165,0.0
1,84,435000000,0.25674012300776583,0.0033768070357271789,0.048566146724654535,0.0
1,84,640000000,0.25783742008040444,0.0046568302968066919,0.050300134695445656,0.0
1,84.0,9840000000.0,0.25893489490734545,0.005154673770856052,0.051648585808534361,0.0
1,85,45000000,0.26019154879407363,0.0046701893743704417,0.052731214627813675,0.0
1,85,250000000,0.26089938084217662,0.0037365585707841605,0.053599446655197024,0.0
1,85,450000000,0.26084247506322028,0.0012434283128547022,0.054092202403407598,0.0
1,85,655000000,0.25972183048731812,-0.0032937159709430079,0.05465896638346978,0.0
1,85.0,9855000000.0,0.25847246581879829,-0.0091202328181740483,0.0551031898538311,0.0
1,86,60000000,0.25681225050533879,-0.015858970463298625,0.055457270861159584,0.0
1,86,265000000,0.25518476435524745,-0.022737191626499519,0.055740937919540705,0.0
1,86,465000000,0.25245456981526032,-0.031812234951908332,0.055245169199492496,0.0
1,86,670000000,0.24924326506019007,-0.041151348546364312,0.053011710198760754,0.0
1,86.0,9875000000.0,0.24785732799499552,-0.045400767947753384,0.051948384813682101,0.0
1,87,75000000,0.24734272192639792,-0.046707659538254204,0.051539604064748577,0.0
1,87,280000000,0.24779419030547112,-0.04555409498036897,0.051972059583521552,0.0
1,87,480000000,0.2492159127907059,-0.041200166267054146,0.053128775034236068,0.0
1,87,685000000,0.25074680745112699,-0.034334852642154821,0.053793672327000171,0.0
1,87.0,9890000000.0,0.25119817963545688,-0.027844995257734394,0.053105629997989512,0.0
1,88,90000000,0.25102475613541053,-0.022193174369288818,0.051503076754117028,0.0
1,88,295000000,0.25071409824704893,-0.016990953136283196,0.049284617966467124,0.0
1,88,500000000,0.25115222694905665,-0.012170545712664774,0.047093139014059274,0.0
1,88,700000000,0.25154344492901132,-0.0092669878620347309,0.045467827172403802,0.0
1,88.0,9905000000.0,0.25230428613161715,-0.005893716187667819,0.045006329482076522,0.0
1,89,105000000,0.25281649040569942,-0.002942623265829167,0.045600359043141844,0.0
1,89,310000000,0.25380974347157109,-0.00051487482047331984,0.047308455643608069,0.0
1,89,515000000,0.25501847364619834,0.0012416046354927449,0.049297613974201168,0.0
1,89,715000000,0.25607190481671804,0.0022094964759167141,0.050844309267468149,0.0
1,89.0,9920000000.0,0.2572624969795469,0.0023624819132045472,0.05210331874361776,0.0
1,90,125000000,0.25475225151909331,-0.0028200538123894343,0.051761740599741188,0.0
1,90,325000000,0.2497125835081902,-0.011596800550555448,0.051338609178028988,0.0
1,90,530000000,0.24600329453913647,-0.019077793176846825,0.051977881859379751,0.0
1,90,730000000,0.2434381389180813,-0.025396770274131814,0.052127895257719666,0.0
1,90.0,9935000000.0,0.24131062544635604,-0.030680004360211531,0.051522218565557797,0.0
1,91,140000000,0.24036998143946567,-0.033770408550938269,0.050286242597438115,0.0
1,91,340000000,0.24041419506496745,-0.035012487380308148,0.048965812997035237,0.0
1,91,545000000,0.24225061935882586,-0.035241384412968826,0.047764769387380585,0.0
1,91,750000000,0.24618697596399206,-0.034731391710446452,0.047120993119395285,0.0
1,91.0,9950000000.0,0.25018894007600173,-0.032963344090456391,0.047267324805472681,0.0
1,92,155000000,0.2538401894327364,-0.030046122513632707,0.048335803114462339,0.0
1,92,355000000,0.25667388095550109,-0.02637578329574258,0.049947791802962736,0.0
1,92,560000000,0.25886798554889684,-0.022366998965939546,0.051327360437254763,0.0
1,92,765000000,0.25985294559004102,-0.018950077502455656,0.052422868494586446,0.0
1,92.0,9965000000.0,0.2603548027417123,-0.016400803815125559,0.053126329909376324,0.0
1,93,170000000,0.26055479326356273,-0.014392567263254493,0.053282460640773563,0.0
1,93,375000000,0.26025833670932147,-0.01255796203016058,0.053766986710484382,0.0
1,93,575000000,0.25818426117300713,-0.012400198511331778,0.053162947813615247,0.0
1,93,780000000,0.25535568053035818,-0.014560917454298654,0.051551172318239004,0.0
1,93.0,9980000000.0,0.25229000388904044,-0.018577912822499629,0.048914688866415229,0.0
1,94,185000000,0.24862457054629294,-0.023919975617654493,0.045810492571049584,0.0
1,94,390000000,0.24219345371837545,-0.035444887778277298,0.040062611353244751,0.0
1,94,590000000,0.23893387081531733,-0.039786831547458705,0.036975785515822868,0.0
1,94,795000000,0.23596448829349009,-0.043133348221408283,0.035621428552435663,0.0
1,95,0,0.2326965494337368,-0.044949596161096408,0.03695282787353215,0.0
1,95,200000000,0.22906715153110985,-0.046249752940096728,0.039435902178412238,0.0
1,95,405000000,0.22559531918759076,-0.047755347190717855,0.042425104588595386,0.0
1,95,605000000,0.22277037214527037,-0.050028565272505626,0.044807397662292241,0.0
1,95.0,9810000000.0,0.22069094310061504,-0.052677276860105177,0.045921448640350096,0.0
1,96,15000000,0.22045323693780486,-0.054914493486185559,0.045974673370642385,0.0
1,96,215000000,0.22219460678640138,-0.056149682118634567,0.045323360733410568,0.0
1,96,420000000,0.22566391987291556,-0.056365300309137646,0.044468917917028103,0.0
1,96,625000000,0.23285530142464356,-0.055666039531769067,0.043948156640602663,0.0
1,96.0,9825000000.0,0.24081963592437436,-0.053930784275246932,0.044186583226228524,0.0
1,97,30000000,0.2471552461186341,-0.05078048125011303,0.045205908593235228,0.0
1,97,230000000,0.25192218931347743,-0.046769305921847915,0.046952917399540252,0.0
1,97,435000000,0.25587814681851956,-0.041919025962310938,0.048969724375458157,0.0
1,97,640000000,0.25869893830810886,-0.037319432296069523,0.050507640364098896,0.0
1,97.0,9840000000.0,0.26026252323215998,-0.033631151333486257,0.051690311773090303,0.0
1,98,45000000,0.26133118286815865,-0.030908080943679962,0.05228688377886323,0.0
1,98,250000000,0.26151771503697296,-0.028000319176411253,0.05301711486593981,0.0
1,98,450000000,0.26072019175317462,-0.026335347606097907,0.053255439789232271,0.0
1,98,655000000,0.25867621119420775,-0.027029410908097479,0.052274687027685007,0.0
1,98.0,9855000000.0,0.25595659593868514,-0.029676826783447487,0.050396372525114204,0.0
1,99,60000000,0.25262512115991576,-0.034071579832586657,0.047653039311730622,0.0
1,99,265000000,0.24827406855507039,-0.040812199584360082,0.044105470200338497,0.0
1,99,465000000,0.24268381153280777,-0.050383476030905261,0.038266600621858188,0.0
1,99,670000000,0.23943142970336492,-0.054458024177366587,0.035781961352623702,0.0
1,99.0,9875000000.0,0.23671821164158449,-0.057013395994927357,0.035360436484261827,0.0
1,100,75000000,0.23313887874110006,-0.058420275407552791,0.037422509504367089,0.0
1,100,280000000,0.22953672827915911,-0.059662325911767941,0.040235898477165306,0.0
1,100,480000000,0.22644142771547024,-0.061475894373048012,0.04306402178686148,0.0
1,100,685000000,0.22387407018128253,-0.063980535228612717,0.045072332969641499,0.0
1,100.0,9890000000.0,0.22241932204928949,-0.06656383271478003,0.045708459390301256,0.0
1,101,90000000,0.22302263386609555,-0.068396319662820865,0.045441242568847323,0.0
1,101,295000000,0.22549883598786349,-0.069269158561946306,0.044800409852113476,0.0
1,101,500000000,0.23026749411348471,-0.069229062510725289,0.044211653053692887,0.0
1,101,700000000,0.23826245027676241,-0.068308700385744422,0.043902969621725456,0.0
1,101.0,9905000000.0,0.24588615051994964,-0.065933870088644486,0.044461787476266952,0.0
1,102,105000000,0.25144196283342124,-0.062504805935688246,0.045673355965360568,0.0
1,102,310000000,0.25596369266719082,-0.05796185862506166,0.047716225078425663,0.0
1,102,515000000,0.25959257676513731,-0.053049607994529673,0.049566260816110597,0.0
1,102,715000000,0.26170435940943987,-0.048880704667265636,0.05079418321915867,0.0
1,102.0,9920000000.0,0.26309221538782684,-0.045477730499733568,0.05184512187976021,0.0
1,103,125000000,0.26367152982835984,-0.042825471861401607,0.052439975434328781,0.0
1,103,325000000,0.26346421615736365,-0.040038258369684707,0.053199862500946452,0.0
1,103,530000000,0.26216387164509958,-0.039159556351924689,0.052978164008220974,0.0
1,103,730000000,0.25981557396911026,-0.040724476759892998,0.051631866057872747,0.0
1,103.0,9935000000.0,0.2568300983776855,-0.044098464219907436,0.04939534595929599,0.0
1,104,140000000,0.25329421744979141,-0.049122741266995396,0.046235326167592863,0.0
1,104,340000000,0.24720008917302691,-0.05989673816044646,0.040840190568857189,0.0
1,104,545000000,0.24344326168153912,-0.065083406201287816,0.037108492209190908,0.0
1,104,750000000,0.24036567689530572,-0.068647346719866345,0.035372336466301092,0.0
1,104.0,9950000000.0,0.23746342273587717,-0.070582165927986523,0.036044257100808275,0.0
1,105,155000000,0.23378907519919431,-0.071923749766018452,0.038499372049603402,0.0
1,105,355000000,0.2303585013311483,-0.073177563284359148,0.041417073791283114,0.0
1,105,560000000,0.22750167061977383,-0.075383596287186369,0.044003538541219155,0.0
1,105,765000000,0.22523554406890056,-0.078001396902788275,0.04546845429310211,0.0
1,105.0,9965000000.0,0.22470663436041088,-0.080305913581171173,0.045632455987466257,0.0
1,106,170000000,0.22606746333270503,-0.081824230526020891,0.045107627364184368,0.0
1,106,375000000,0.22913816119730993,-0.082348246322292123,0.044440292072951006,0.0
1,106,575000000,0.235319087204171,-0.081966881637209721,0.043964611834034405,0.0
1,106,780000000,0.24367719839207913,-0.080584813575039549,0.043902746129101534,0.0
1,106.0,9980000000.0,0.25032355763486563,-0.077738345371724971,0.044776609347214287,0.0
1,107,185000000,0.25554181447004704,-0.073813667199758931,0.046414782861843112,0.0
1,107,390000000,0.2596387936324917,-0.069001324921647997,0.048530927961410716,0.0
1,107,590000000,0.26282840434061633,-0.06434013389936287,0.050149795822950038,0.0
1,107,795000000,0.2645515032692905,-0.060370249670997446,0.051441498161341359,0.0
1,108,0,0.26572831157088034,-0.057428907387833725,0.052197115566837288,0.0
1,108,200000000,0.26615585753526727,-0.054655152336242893,0.052824895824897793,0.0
1,108,405000000,0.26556414741335288,-0.052544099000996991,0.053277829073362613,0.0
1,108,605000000,0.2638780418696986,-0.052533866586738066,0.052630851461829851,0.0
1,108.0,9810000000.0,0.26118083281190213,-0.054980738292716339,0.050864436320974794,0.0
1,109,15000000,0.25801741464534877,-0.058965371509400337,0.048301133467465167,0.0
1,109,215000000,0.25420691920576804,-0.064561495379621525,0.045145689683050112,0.0
1,109,420000000,0.2480598363186142,-0.075536680201402293,0.039162591030734266,0.0
1,109,625000000,0.24474366528144934,-0.07976160160130491,0.036307738944920197,0.0
1,109.0,9825000000.0,0.24197179669780552,-0.082532879870787459,0.035210472610430484,0.0
1,110,30000000,0.23859088113923141,-0.084174752879396519,0.036792961668080576,0.0
1,110,230000000,0.23505294597101523,-0.085413518770267191,0.039439128361364865,0.0
1,110,435000000,0.2317065891662182,-0.087010310397594146,0.042399539845421289,0.0
1,110,640000000,0.22911914907224387,-0.089477341883708927,0.044633333252930465,0.0
1,110.0,9840000000.0,0.22718106719894937,-0.092075157195917787,0.045590469605429645,0.0
1,111,45000000,0.22740987008544966,-0.094127907992118884,0.045476966121172267,0.0
1,111,250000000,0.2295105129291829,-0.095207618427328139,0.04491816737351044,0.0
1,111,450000000,0.23336540751119386,-0.09537512569550935,0.044304811802324415,0.0
1,111,655000000,0.24097779884924961,-0.094623297538734774,0.044005594117356765,0.0
1,111.0,9855000000.0,0.24889321117411364,-0.092673000113559001,0.044195917722557085,0.0
1,112,60000000,0.25489594198928001,-0.089359333554137929,0.045318341274205108,0.0
1,112,265000000,0.25967992462226458,-0.085023877307113221,0.047227252778514722,0.0
1,112,465000000,0.26340931040844806,-0.080220526362825464,0.049129159221570899,0.0
1,112,670000000,0.26596142330110273,-0.07569945718309487,0.050638689705900804,0.0
1,112.0,9875000000.0,0.26746109765888076,-0.072074526050788332,0.051798560353857055,0.0
1,113,75000000,0.2684230095941279,-0.069566645983750508,0.052268838349609298,0.0
1,113,280000000,0.26847736437512132,-0.066548599750000215,0.053162470913820772,0.0
1,113,480000000,0.26740909171767197,-0.065318036545708627,0.05314455068884727,0.0
1,113,685000000,0.26528868362323665,-0.066210073921715545,0.052065864525839639,0.0
1,113.0,9890000000.0,0.2623692674299275,-0.06936331765621194,0.049950741716668474,0.0
1,114,90000000,0.25912486771780568,-0.073804852824421285,0.04700452211832308,0.0
1,114,295000000,0.25429420599921515,-0.081796261214361149,0.043053874649267743,0.0
1,114,500000000,0.24917543152877425,-0.090075405117541238,0.03777836430706856,0.0
1,114,700000000,0.24606939109020903,-0.093904292651573434,0.035625627803523838,0.0
1,114.0,9905000000.0,0.24324612839336229,-0.09616249253244305,0.035712320319794925,0.0
1,115,105000000,0.23964005758557616,-0.097536090180982832,0.037924196613277915,0.0
1,115,310000000,0.2361177700917238,-0.098826726251689881,0.040837067543752784,0.0
1,115,515000000,0.23298109367934702,-0.10075900736078285,0.043655461091970389,0.0
1,115,715000000,0.23067742081130083,-0.10328092746550963,0.045340101382162476,0.0
1,115.0,9920000000.0,0.22948703817260199,-0.10579041868547731,0.045866273778073459,0.0
1,116,125000000,0.23050468933860793,-0.10750932588743618,0.04546953536189708,0.0
1,116,325000000,0.23306008763903757,-0.10817921444234574,0.0445465733805454,0.0
1,116,530000000,0.23828260270523327,-0.10801483841496469,0.043979837286271126,0.0
1,116,730000000,0.24658311997969645,-0.10688504202590528,0.043920820044713621,0.0
1,116.0,9935000000.0,0.25392554774334569,-0.10432205400165079,0.044564666103123533,0.0
1,117,140000000,0.25933078265045961,-0.10052231235878747,0.046105557419091024,0.0
1,117,340000000,0.26353681065145979,-0.095973500202901435,0.048172117386987713,0.0
1,117,545000000,0.26704528923826476,-0.091109912868177073,0.049917496604187525,0.0
1,117,750000000,0.26906058230194929,-0.086923701542086979,0.051273833031500821,0.0
1,117.0,9950000000.0,0.27032170641448444,-0.0838181728842817,0.05218077439906979,0.0
1,118,155000000,0.27067385371276387,-0.081425680610592938,0.052656748363193041,0.0
1,118,355000000,0.27091472656165277,-0.07892543256778134,0.053353912879018854,0.0
1,118,560000000,0.26913346585736331,-0.078329008176074286,0.052853912355007304,0.0
1,118,765000000,0.26657407704252944,-0.080114620591499625,0.051355249744581791,0.0
1,118.0,9965000000.0,0.26362159201525742,-0.083784113588746489,0.048800918093506736,0.0
1,119,170000000,0.25998100328696844,-0.088884676740423801,0.045753659410879832,0.0
1,119,375000000,0.25345505957176262,-0.100